what,kind,bundleId,bundleVersion,description,time
started,bundle,org.eclipse.emf.common,2.7.0.v20120127-1122,"org.eclipse.emf.common",1408983766142
started,bundle,org.eclipse.emf.ecore,2.7.0.v20120127-1122,"org.eclipse.emf.ecore",1408983766164
started,bundle,org.eclipse.wst.common.emf,1.2.100.v201101101900,"org.eclipse.wst.common.emf",1408983766170
started,bundle,org.eclipse.jem.util,2.1.100.v201103021400,"org.eclipse.jem.util",1408983766181
started,bundle,org.eclipse.emf.ecore.xmi,2.7.0.v20120127-1122,"org.eclipse.emf.ecore.xmi",1408983766186
started,bundle,org.eclipse.wst.common.emfworkbench.integration,1.2.101.v201107140600,"org.eclipse.wst.common.emfworkbench.integration",1408983766188
started,bundle,org.eclipse.wst.common.modulecore,1.2.103.v201201190400,"org.eclipse.wst.common.modulecore",1408983766240
started,bundle,org.eclipse.jst.common.project.facet.core,1.4.200.v201103170302,"org.eclipse.jst.common.project.facet.core",1408983766279
started,bundle,org.eclipse.jst.ws.jaxrs.core,1.0.301.v201108240656,"org.eclipse.jst.ws.jaxrs.core",1408983766282
deactivated,workbench,org.eclipse.ui.workbench,3.7.1.v20120104-1859,"",1408983768533
activated,workbench,org.eclipse.ui.workbench,3.7.1.v20120104-1859,"",1408983770386
executed,command,org.eclipse.jdt.ui,3.7.2.v20120109-1427,"org.eclipse.jdt.ui.edit.text.java.rename.element",1408983770410
deactivated,workbench,org.eclipse.ui.workbench,3.7.1.v20120104-1859,"",1408983771315
started,bundle,org.eclipse.equinox.p2.garbagecollector,1.0.200.v20110815-1419,"org.eclipse.equinox.p2.garbagecollector",1408983974850
activated,workbench,org.eclipse.ui.workbench,3.7.1.v20120104-1859,"",1408984586558
closed,workbench,org.eclipse.ui.workbench,3.7.1.v20120104-1859,"",1408984589071
error,log,,,"Problems saving workspace",1408984590666
error,log,,,"Problems occurred while trying to save the state of the workbench.",1408984590667
executed,command,org.eclipse.ui,3.7.0.v20110928-1505,"org.eclipse.ui.file.restartWorkbench",1408984590751
stopped,bundle,org.eclipse.mylyn.ide.ant,3.6.0.v20110608-1400,"org.eclipse.mylyn.ide.ant",1408984590818
stopped,bundle,org.eclipse.mylyn.pde.ui,3.6.0.v20110608-1400,"org.eclipse.mylyn.pde.ui",1408984590818
stopped,bundle,org.eclipse.pde.api.tools.ui,1.0.301.v20110803_r371,"org.eclipse.pde.api.tools.ui",1408984590819
stopped,bundle,org.eclipse.pde.ds.ui,1.0.100.v20111213-1754,"org.eclipse.pde.ds.ui",1408984590819
stopped,bundle,org.eclipse.pde.runtime,3.4.201.v20110928-1516,"org.eclipse.pde.runtime",1408984590819
stopped,bundle,org.eclipse.pde.ua.ui,1.0.100.v20110516,"org.eclipse.pde.ua.ui",1408984590820
stopped,bundle,org.eclipse.pde.ui.templates,3.4.400.v20110928-1516,"org.eclipse.pde.ui.templates",1408984590820
stopped,bundle,org.eclipse.rap.ui.launch,1.4.2.20120213-1325,"org.eclipse.rap.ui.launch",1408984590821
stopped,bundle,org.eclipse.rap.ui.templates,1.4.2.20120213-1325,"org.eclipse.rap.ui.templates",1408984590821
stopped,bundle,org.eclipse.xtext.xtext.ui,2.0.1.v201108020636,"org.eclipse.xtext.xtext.ui",1408984590821
stopped,bundle,org.eclipse.wb.rcp.SWT_AWT,1.7.0.r37x201405021546,"org.eclipse.wb.rcp.SWT_AWT",1408984590821
stopped,bundle,org.eclipse.wb.rcp.databinding.emf,1.7.0.r37x201405021526,"org.eclipse.wb.rcp.databinding.emf",1408984590822
stopped,bundle,org.eclipse.wb.rcp.databinding.xwt,1.7.0.r37x201405021548,"org.eclipse.wb.rcp.databinding.xwt",1408984590822
stopped,bundle,org.eclipse.wb.rcp.databinding,1.7.0.r37x201405021526,"org.eclipse.wb.rcp.databinding",1408984590823
stopped,bundle,org.eclipse.wb.rcp.nebula,1.7.0.r37x201405021526,"org.eclipse.wb.rcp.nebula",1408984590823
stopped,bundle,org.eclipse.wb.rcp.swing2swt,1.7.0.r37x201405021526,"org.eclipse.wb.rcp.swing2swt",1408984590823
stopped,bundle,org.eclipse.wb.xwt,1.7.0.r37x201405021548,"org.eclipse.wb.xwt",1408984590823
stopped,bundle,org.eclipse.wb.rcp,1.7.0.r37x201405021526,"org.eclipse.wb.rcp",1408984590823
stopped,bundle,org.eclipse.pde.ui,3.6.100.v20120103_r372,"org.eclipse.pde.ui",1408984590823
stopped,bundle,org.eclipse.jst.j2ee.xdoclet.runtime,1.1.300.v201004280700,"org.eclipse.jst.j2ee.xdoclet.runtime",1408984590824
stopped,bundle,org.eclipse.jst.j2ee.ejb.annotations.xdoclet,1.2.200.v201103302125,"org.eclipse.jst.j2ee.ejb.annotations.xdoclet",1408984590824
stopped,bundle,org.eclipse.ant.ui,3.5.101.v20120110-1739,"org.eclipse.ant.ui",1408984590824
stopped,bundle,org.eclipse.ant.launching,1.0.101.v20120110-1739,"org.eclipse.ant.launching",1408984590824
stopped,bundle,org.eclipse.egit.mylyn.ui,1.3.0.201202151440-r,"org.eclipse.egit.mylyn.ui",1408984590825
stopped,bundle,org.eclipse.egit.ui,1.3.0.201202151440-r,"org.eclipse.egit.ui",1408984590825
stopped,bundle,org.eclipse.egit.core,1.3.0.201202151440-r,"org.eclipse.egit.core",1408984590825
stopped,bundle,org.eclipse.equinox.p2.ui.sdk,1.0.200.v20110815-1419,"org.eclipse.equinox.p2.ui.sdk",1408984590825
stopped,bundle,org.eclipse.mylyn.java.tasks,3.6.0.v20110608-1400,"org.eclipse.mylyn.java.tasks",1408984590825
stopped,bundle,org.eclipse.mylyn.java.ui,3.6.0.v20110608-1400,"org.eclipse.mylyn.java.ui",1408984590826
stopped,bundle,org.eclipse.jdt.junit,3.7.0.v20110928-1453,"org.eclipse.jdt.junit",1408984590830
stopped,bundle,org.eclipse.jdt.apt.ui,3.3.300.v20110305-1450,"org.eclipse.jdt.apt.ui",1408984590830
stopped,bundle,org.eclipse.rap.ui.launch.rwt,1.4.2.20120213-1325,"org.eclipse.rap.ui.launch.rwt",1408984590831
stopped,bundle,org.eclipse.xpand.ui,1.0.1.v201108020519,"org.eclipse.xpand.ui",1408984590831
stopped,bundle,org.eclipse.xtend.check.ui,1.0.1.v201108020519,"org.eclipse.xtend.check.ui",1408984590832
stopped,bundle,org.eclipse.xtend.typesystem.emf.ui,1.0.1.v201108020519,"org.eclipse.xtend.typesystem.emf.ui",1408984590833
stopped,bundle,org.eclipse.xtend.ui,1.0.1.v201108020519,"org.eclipse.xtend.ui",1408984590833
stopped,bundle,org.eclipse.xtend.shared.ui,1.0.1.v201108020519,"org.eclipse.xtend.shared.ui",1408984590833
stopped,bundle,org.eclipse.emf.mwe.ui,1.1.1.v201108020506,"org.eclipse.emf.mwe.ui",1408984590833
stopped,bundle,org.eclipse.xtext.purexbase.ui,2.0.1.v201108020636,"org.eclipse.xtext.purexbase.ui",1408984590834
stopped,bundle,org.eclipse.xtext.purexbase,2.0.1.v201108020636,"org.eclipse.xtext.purexbase",1408984590836
stopped,bundle,org.eclipse.xtext.ui.codetemplates.ui,2.0.1.v201108020636,"org.eclipse.xtext.ui.codetemplates.ui",1408984590837
stopped,bundle,org.eclipse.xtext.ui.codetemplates,2.0.1.v201108020636,"org.eclipse.xtext.ui.codetemplates",1408984590839
stopped,bundle,org.eclipse.xtext.xtend2.ui,2.0.1.v201108020636,"org.eclipse.xtext.xtend2.ui",1408984590841
stopped,bundle,org.eclipse.xtext.xbase.ui,2.0.1.v201108020636,"org.eclipse.xtext.xbase.ui",1408984590842
stopped,bundle,org.eclipse.xtext.xtend2,2.0.1.v201108020636,"org.eclipse.xtext.xtend2",1408984590844
stopped,bundle,org.eclipse.xtext.xbase,2.0.1.v201108020636,"org.eclipse.xtext.xbase",1408984590844
stopped,bundle,org.eclipse.jdt.debug.ui,3.6.1.v20111006_r372,"org.eclipse.jdt.debug.ui",1408984590844
stopped,bundle,org.eclipse.emf.mwe2.language.ui,2.0.1.v201108020809,"org.eclipse.emf.mwe2.language.ui",1408984590845
stopped,bundle,org.eclipse.jst.common.annotations.ui,1.1.300.v201002081900,"org.eclipse.jst.common.annotations.ui",1408984590847
stopped,bundle,org.eclipse.jst.j2ee.ejb.annotations.ui,1.1.200.v201004290730,"org.eclipse.jst.j2ee.ejb.annotations.ui",1408984590848
stopped,bundle,org.eclipse.jst.ejb.ui,1.1.601.v201201261600,"org.eclipse.jst.ejb.ui",1408984590850
stopped,bundle,org.eclipse.jst.ws.axis.creation.ui,1.0.700.v201104070312,"org.eclipse.jst.ws.axis.creation.ui",1408984590851
stopped,bundle,org.eclipse.jst.ws.axis.consumption.ui,1.0.505.v201004211805,"org.eclipse.jst.ws.axis.consumption.ui",1408984590852
stopped,bundle,org.eclipse.jst.ws.creation.ui,1.0.609.v201103082016,"org.eclipse.jst.ws.creation.ui",1408984590853
stopped,bundle,org.eclipse.jst.ws.consumption.ui,1.1.402.v201201250306,"org.eclipse.jst.ws.consumption.ui",1408984590856
stopped,bundle,org.eclipse.jst.j2ee.webservice.ui,1.1.500.v201105122000,"org.eclipse.jst.j2ee.webservice.ui",1408984590856
stopped,bundle,org.eclipse.jst.servlet.ui,1.1.502.v201202011054,"org.eclipse.jst.servlet.ui",1408984590858
stopped,bundle,org.eclipse.jst.jee.ui,1.0.401.v201202011107,"org.eclipse.jst.jee.ui",1408984590859
stopped,bundle,org.eclipse.jst.j2ee.navigator.ui,1.1.501.v201107261503,"org.eclipse.jst.j2ee.navigator.ui",1408984590859
stopped,bundle,org.eclipse.jst.j2ee.jca.ui,1.1.400.v201004150700,"org.eclipse.jst.j2ee.jca.ui",1408984590860
stopped,bundle,org.eclipse.jst.j2ee.ui,1.1.503.v201201190400,"org.eclipse.jst.j2ee.ui",1408984590861
stopped,bundle,org.eclipse.jst.ws.jaxrs.ui,1.0.401.v201108230518,"org.eclipse.jst.ws.jaxrs.ui",1408984590862
stopped,bundle,org.eclipse.jst.common.project.facet.ui,1.4.200.v201008182133,"org.eclipse.jst.common.project.facet.ui",1408984590863
activated,perspective,org.eclipse.pde.ui,,"org.eclipse.pde.ui.PDEPerspective",1408984597943
started,bundle,org.eclipse.osgi,3.7.2.v20120110-1415,"org.eclipse.osgi",1408984597944
started,bundle,org.eclipse.equinox.simpleconfigurator,1.0.200.v20110815-1438,"org.eclipse.equinox.simpleconfigurator",1408984597944
started,bundle,com.ibm.icu,4.4.2.v20110823,"com.ibm.icu",1408984597944
started,bundle,org.eclipse.core.contenttype,3.4.100.v20110423-0524,"org.eclipse.core.contenttype",1408984597945
started,bundle,org.eclipse.core.databinding.observable,1.4.0.I20110222-0800,"org.eclipse.core.databinding.observable",1408984597945
started,bundle,org.eclipse.core.expressions,3.4.300.v20110228,"org.eclipse.core.expressions",1408984597945
started,bundle,org.eclipse.core.filebuffers,3.5.200.v20110928-1504,"org.eclipse.core.filebuffers",1408984597946
started,bundle,org.eclipse.core.filesystem,1.3.100.v20110423-0524,"org.eclipse.core.filesystem",1408984597946
started,bundle,org.eclipse.core.jobs,3.5.101.v20120113-1953,"org.eclipse.core.jobs",1408984597946
started,bundle,org.eclipse.core.net,1.2.100.I20110511-0800,"org.eclipse.core.net",1408984597946
started,bundle,org.eclipse.core.resources,3.7.101.v20120125-1505,"org.eclipse.core.resources",1408984597947
started,bundle,org.eclipse.core.runtime,3.7.0.v20110110,"org.eclipse.core.runtime",1408984597947
started,bundle,org.eclipse.core.runtime.compatibility,3.2.100.v20100505,"org.eclipse.core.runtime.compatibility",1408984597947
started,bundle,org.eclipse.core.runtime.compatibility.auth,3.2.200.v20110110,"org.eclipse.core.runtime.compatibility.auth",1408984597948
started,bundle,org.eclipse.epp.mpc.ui,1.1.1.I20110907-0947,"org.eclipse.epp.mpc.ui",1408984597948
started,bundle,org.eclipse.epp.usagedata.gathering,1.3.1.R201106061540,"org.eclipse.epp.usagedata.gathering",1408984597948
started,bundle,org.eclipse.epp.usagedata.recording,1.3.1.R201106061540,"org.eclipse.epp.usagedata.recording",1408984597949
started,bundle,org.eclipse.equinox.app,1.3.100.v20110321,"org.eclipse.equinox.app",1408984597949
started,bundle,org.eclipse.equinox.common,3.6.0.v20110523,"org.eclipse.equinox.common",1408984597949
started,bundle,org.eclipse.equinox.ds,1.3.1.R37x_v20110701,"org.eclipse.equinox.ds",1408984597950
started,bundle,org.eclipse.equinox.event,1.2.100.v20110502,"org.eclipse.equinox.event",1408984597950
started,bundle,org.eclipse.equinox.p2.core,2.1.1.v20120113-1346,"org.eclipse.equinox.p2.core",1408984597950
started,bundle,org.eclipse.equinox.p2.directorywatcher,1.0.300.v20110815-1419,"org.eclipse.equinox.p2.directorywatcher",1408984597950
started,bundle,org.eclipse.equinox.p2.engine,2.1.1.R37x_v20111003,"org.eclipse.equinox.p2.engine",1408984597951
started,bundle,org.eclipse.equinox.p2.metadata,2.1.0.v20110815-1419,"org.eclipse.equinox.p2.metadata",1408984597951
started,bundle,org.eclipse.equinox.p2.metadata.repository,1.2.0.v20110815-1419,"org.eclipse.equinox.p2.metadata.repository",1408984597952
started,bundle,org.eclipse.equinox.p2.operations,2.1.1.R37x_v20111111,"org.eclipse.equinox.p2.operations",1408984597952
started,bundle,org.eclipse.equinox.p2.reconciler.dropins,1.1.100.v20110815-1419,"org.eclipse.equinox.p2.reconciler.dropins",1408984597953
started,bundle,org.eclipse.equinox.p2.repository,2.1.1.v20120113-1346,"org.eclipse.equinox.p2.repository",1408984597953
started,bundle,org.eclipse.equinox.p2.ui.sdk.scheduler,1.0.100.v20110815-1419,"org.eclipse.equinox.p2.ui.sdk.scheduler",1408984597953
started,bundle,org.eclipse.equinox.p2.updatechecker,1.1.200.v20110815-1419,"org.eclipse.equinox.p2.updatechecker",1408984597954
started,bundle,org.eclipse.equinox.preferences,3.4.2.v20120111-2020,"org.eclipse.equinox.preferences",1408984597954
started,bundle,org.eclipse.equinox.registry,3.5.101.R37x_v20110810-1611,"org.eclipse.equinox.registry",1408984597954
started,bundle,org.eclipse.equinox.security,1.1.1.R37x_v20110822-1018,"org.eclipse.equinox.security",1408984597955
started,bundle,org.eclipse.equinox.util,1.0.300.v20110502,"org.eclipse.equinox.util",1408984597955
started,bundle,org.eclipse.help,3.5.100.v20110426,"org.eclipse.help",1408984597955
started,bundle,org.eclipse.jdt.core,3.7.3.v20120119-1537,"org.eclipse.jdt.core",1408984597956
started,bundle,org.eclipse.jdt.core.manipulation,1.4.0.v20110928-1453,"org.eclipse.jdt.core.manipulation",1408984597956
started,bundle,org.eclipse.jdt.ui,3.7.2.v20120109-1427,"org.eclipse.jdt.ui",1408984597957
started,bundle,org.eclipse.jface,3.7.0.v20110928-1505,"org.eclipse.jface",1408984597957
started,bundle,org.eclipse.jsch.core,1.1.300.I20110514-0800,"org.eclipse.jsch.core",1408984597958
started,bundle,org.eclipse.ltk.core.refactoring,3.5.201.r372_v20111101-0700,"org.eclipse.ltk.core.refactoring",1408984597958
started,bundle,org.eclipse.mylyn.bugzilla.core,3.6.5.v20120123-0100,"org.eclipse.mylyn.bugzilla.core",1408984597958
started,bundle,org.eclipse.mylyn.bugzilla.ui,3.6.0.v20110608-1400,"org.eclipse.mylyn.bugzilla.ui",1408984597959
started,bundle,org.eclipse.mylyn.commons.identity,0.8.0.v20110608-1400,"org.eclipse.mylyn.commons.identity",1408984597959
started,bundle,org.eclipse.mylyn.commons.net,3.6.0.v20110608-1400,"org.eclipse.mylyn.commons.net",1408984597959
started,bundle,org.eclipse.mylyn.commons.ui,3.6.1.v20110720-0100,"org.eclipse.mylyn.commons.ui",1408984597959
started,bundle,org.eclipse.mylyn.context.core,3.6.1.v20110720-0100,"org.eclipse.mylyn.context.core",1408984597960
started,bundle,org.eclipse.mylyn.context.ui,3.6.1.v20120112-0100,"org.eclipse.mylyn.context.ui",1408984597960
started,bundle,org.eclipse.mylyn.monitor.ui,3.6.0.v20110608-1400,"org.eclipse.mylyn.monitor.ui",1408984597960
started,bundle,org.eclipse.mylyn.tasks.ui,3.6.5.v20120215-0100,"org.eclipse.mylyn.tasks.ui",1408984597961
started,bundle,org.eclipse.mylyn.team.ui,3.6.1.v20110825-0100,"org.eclipse.mylyn.team.ui",1408984597961
started,bundle,org.eclipse.pde.launching,3.6.0.v20110506,"org.eclipse.pde.launching",1408984597961
started,bundle,org.eclipse.pde.ui,3.6.100.v20120103_r372,"org.eclipse.pde.ui",1408984597962
started,bundle,org.eclipse.search,3.7.0.v20110928-1504,"org.eclipse.search",1408984597963
started,bundle,org.eclipse.team.core,3.6.0.I20110525-0800,"org.eclipse.team.core",1408984597963
started,bundle,org.eclipse.team.cvs.core,3.3.400.I20110510-0800,"org.eclipse.team.cvs.core",1408984597963
started,bundle,org.eclipse.team.cvs.ui,3.3.401.v20120126-1227,"org.eclipse.team.cvs.ui",1408984597964
started,bundle,org.eclipse.team.ui,3.6.101.R37x_v20111109-0800,"org.eclipse.team.ui",1408984597964
started,bundle,org.eclipse.ui,3.7.0.v20110928-1505,"org.eclipse.ui",1408984597965
started,bundle,org.eclipse.ui.console,3.5.100.v20111007_r372,"org.eclipse.ui.console",1408984597965
started,bundle,org.eclipse.ui.editors,3.7.0.v20110928-1504,"org.eclipse.ui.editors",1408984597966
started,bundle,org.eclipse.ui.forms,3.5.101.v20111011-1919,"org.eclipse.ui.forms",1408984597966
started,bundle,org.eclipse.ui.ide,3.7.0.v20110928-1505,"org.eclipse.ui.ide",1408984597967
started,bundle,org.eclipse.ui.intro,3.4.100.v20110425,"org.eclipse.ui.intro",1408984597967
started,bundle,org.eclipse.ui.intro.universal,3.2.500.v20110510,"org.eclipse.ui.intro.universal",1408984597967
started,bundle,org.eclipse.ui.navigator,3.5.101.v20120106-1355,"org.eclipse.ui.navigator",1408984597967
started,bundle,org.eclipse.ui.net,1.2.100.v20111208-1155,"org.eclipse.ui.net",1408984597968
started,bundle,org.eclipse.ui.views,3.6.0.v20110928-1505,"org.eclipse.ui.views",1408984597968
started,bundle,org.eclipse.ui.views.log,1.0.200.v20110404,"org.eclipse.ui.views.log",1408984597969
started,bundle,org.eclipse.ui.workbench,3.7.1.v20120104-1859,"org.eclipse.ui.workbench",1408984597969
started,bundle,org.eclipse.ui.workbench.texteditor,3.7.0.v20110928-1504,"org.eclipse.ui.workbench.texteditor",1408984597969
started,bundle,org.eclipse.update.configurator,3.3.100.v20100512,"org.eclipse.update.configurator",1408984597970
started,bundle,org.eclipse.update.core,3.2.500.v20110330,"org.eclipse.update.core",1408984597970
started,bundle,org.eclipse.update.scheduler,3.2.300.v20100512,"org.eclipse.update.scheduler",1408984597971
started,bundle,org.eclipse.wst.common.project.facet.core,1.4.201.v201201101553,"org.eclipse.wst.common.project.facet.core",1408984597971
started,bundle,org.eclipse.cdt.codan.checkers,1.0.1.201202111925,"org.eclipse.cdt.codan.checkers",1408984597972
started,bundle,org.eclipse.cdt.codan.core,2.0.0.201202111925,"org.eclipse.cdt.codan.core",1408984597972
started,bundle,org.eclipse.cdt.codan.core.cxx,1.0.0.201202111925,"org.eclipse.cdt.codan.core.cxx",1408984597972
started,bundle,org.eclipse.cdt.codan.ui.cxx,2.0.0.201202111925,"org.eclipse.cdt.codan.ui.cxx",1408984597973
started,bundle,org.eclipse.cdt.core,5.3.2.201202111925,"org.eclipse.cdt.core",1408984597973
started,bundle,org.eclipse.cdt.make.core,7.1.2.201202111925,"org.eclipse.cdt.make.core",1408984597973
started,bundle,org.eclipse.cdt.make.ui,7.1.2.201202111925,"org.eclipse.cdt.make.ui",1408984597974
started,bundle,org.eclipse.cdt.managedbuilder.core,8.0.2.201202111925,"org.eclipse.cdt.managedbuilder.core",1408984597974
started,bundle,org.eclipse.cdt.ui,5.3.2.201202111925,"org.eclipse.cdt.ui",1408984597981
started,bundle,org.eclipse.wst.web,1.1.501.v201201190400,"org.eclipse.wst.web",1408984597982
os,sysinfo,,,"macosx",1408984597985
arch,sysinfo,,,"x86_64",1408984597985
ws,sysinfo,,,"cocoa",1408984597985
locale,sysinfo,,,"en_US",1408984597985
processors,sysinfo,,,"8",1408984597985
java.runtime.name,sysinfo,,,"Java(TM) SE Runtime Environment",1408984597985
java.runtime.version,sysinfo,,,"1.6.0_65-b14-462-11M4609",1408984597985
java.specification.name,sysinfo,,,"Java Platform API Specification",1408984597985
java.specification.vendor,sysinfo,,,"Sun Microsystems Inc.",1408984597985
java.specification.version,sysinfo,,,"1.6",1408984597985
java.vendor,sysinfo,,,"Apple Inc.",1408984597985
java.version,sysinfo,,,"1.6.0_65",1408984597985
java.vm.info,sysinfo,,,"mixed mode",1408984597985
java.vm.name,sysinfo,,,"Java HotSpot(TM) 64-Bit Server VM",1408984597985
java.vm.specification.name,sysinfo,,,"Java Virtual Machine Specification",1408984597985
java.vm.specification.vendor,sysinfo,,,"Sun Microsystems Inc.",1408984597985
java.vm.specification.version,sysinfo,,,"1.0",1408984597985
java.vm.vendor,sysinfo,,,"Apple Inc.",1408984597985
java.vm.version,sysinfo,,,"20.65-b04-462",1408984597985
opened,view,org.eclipse.ui.ide,3.7.0.v20110928-1505,"org.eclipse.ui.views.ProblemView",1408984599276
activated,view,org.eclipse.jdt.ui,3.7.2.v20120109-1427,"org.eclipse.jdt.ui.PackageExplorer",1408984599301
activated,view,org.eclipse.ui,3.7.0.v20110928-1505,"org.eclipse.ui.internal.introview",1408984599301
activated,workbench,org.eclipse.ui.workbench,3.7.1.v20120104-1859,"",1408984599397
started,bundle,com.coverity.desktop.launcher,7.0.2.2819-98,"com.coverity.desktop.launcher",1408984600564
activated,view,org.eclipse.jdt.ui,3.7.2.v20120109-1427,"org.eclipse.jdt.ui.PackageExplorer",1408984600567
deactivated,workbench,org.eclipse.ui.workbench,3.7.1.v20120104-1859,"",1408984603317
started,bundle,org.eclipse.ant.ui,3.5.101.v20120110-1739,"org.eclipse.ant.ui",1408984604678
activated,workbench,org.eclipse.ui.workbench,3.7.1.v20120104-1859,"",1408984662254
closed,workbench,org.eclipse.ui.workbench,3.7.1.v20120104-1859,"",1408984664649
started,bundle,org.eclipse.compare.core,3.5.200.I20110208-0800,"org.eclipse.compare.core",1408984664881
started,bundle,org.eclipse.compare,3.5.202.R37x_v20111109-0800,"org.eclipse.compare",1408984664884
executed,command,org.eclipse.ui,3.7.0.v20110928-1505,"org.eclipse.ui.file.restartWorkbench",1408984664927
stopped,bundle,org.eclipse.mylyn.ide.ant,3.6.0.v20110608-1400,"org.eclipse.mylyn.ide.ant",1408984664994
stopped,bundle,org.eclipse.mylyn.pde.ui,3.6.0.v20110608-1400,"org.eclipse.mylyn.pde.ui",1408984664995
stopped,bundle,org.eclipse.pde.api.tools.ui,1.0.301.v20110803_r371,"org.eclipse.pde.api.tools.ui",1408984664995
stopped,bundle,org.eclipse.pde.ds.ui,1.0.100.v20111213-1754,"org.eclipse.pde.ds.ui",1408984664996
stopped,bundle,org.eclipse.pde.runtime,3.4.201.v20110928-1516,"org.eclipse.pde.runtime",1408984664996
stopped,bundle,org.eclipse.pde.ua.ui,1.0.100.v20110516,"org.eclipse.pde.ua.ui",1408984664997
stopped,bundle,org.eclipse.pde.ui.templates,3.4.400.v20110928-1516,"org.eclipse.pde.ui.templates",1408984664997
stopped,bundle,org.eclipse.rap.ui.launch,1.4.2.20120213-1325,"org.eclipse.rap.ui.launch",1408984664998
stopped,bundle,org.eclipse.rap.ui.templates,1.4.2.20120213-1325,"org.eclipse.rap.ui.templates",1408984664998
stopped,bundle,org.eclipse.xtext.xtext.ui,2.0.1.v201108020636,"org.eclipse.xtext.xtext.ui",1408984664999
stopped,bundle,org.eclipse.wb.rcp.SWT_AWT,1.7.0.r37x201405021546,"org.eclipse.wb.rcp.SWT_AWT",1408984664999
stopped,bundle,org.eclipse.wb.rcp.databinding.emf,1.7.0.r37x201405021526,"org.eclipse.wb.rcp.databinding.emf",1408984664999
stopped,bundle,org.eclipse.wb.rcp.databinding.xwt,1.7.0.r37x201405021548,"org.eclipse.wb.rcp.databinding.xwt",1408984665000
stopped,bundle,org.eclipse.wb.rcp.databinding,1.7.0.r37x201405021526,"org.eclipse.wb.rcp.databinding",1408984665000
stopped,bundle,org.eclipse.wb.rcp.nebula,1.7.0.r37x201405021526,"org.eclipse.wb.rcp.nebula",1408984665001
stopped,bundle,org.eclipse.wb.rcp.swing2swt,1.7.0.r37x201405021526,"org.eclipse.wb.rcp.swing2swt",1408984665001
stopped,bundle,org.eclipse.wb.xwt,1.7.0.r37x201405021548,"org.eclipse.wb.xwt",1408984665001
stopped,bundle,org.eclipse.wb.rcp,1.7.0.r37x201405021526,"org.eclipse.wb.rcp",1408984665002
stopped,bundle,org.eclipse.pde.ui,3.6.100.v20120103_r372,"org.eclipse.pde.ui",1408984665002
stopped,bundle,org.eclipse.jst.j2ee.xdoclet.runtime,1.1.300.v201004280700,"org.eclipse.jst.j2ee.xdoclet.runtime",1408984665003
stopped,bundle,org.eclipse.jst.j2ee.ejb.annotations.xdoclet,1.2.200.v201103302125,"org.eclipse.jst.j2ee.ejb.annotations.xdoclet",1408984665003
stopped,bundle,org.eclipse.ant.ui,3.5.101.v20120110-1739,"org.eclipse.ant.ui",1408984665003
stopped,bundle,org.eclipse.ant.launching,1.0.101.v20120110-1739,"org.eclipse.ant.launching",1408984665004
stopped,bundle,org.eclipse.egit.mylyn.ui,1.3.0.201202151440-r,"org.eclipse.egit.mylyn.ui",1408984665005
stopped,bundle,org.eclipse.egit.ui,1.3.0.201202151440-r,"org.eclipse.egit.ui",1408984665005
stopped,bundle,org.eclipse.egit.core,1.3.0.201202151440-r,"org.eclipse.egit.core",1408984665006
stopped,bundle,org.eclipse.equinox.p2.ui.sdk,1.0.200.v20110815-1419,"org.eclipse.equinox.p2.ui.sdk",1408984665006
stopped,bundle,org.eclipse.mylyn.java.tasks,3.6.0.v20110608-1400,"org.eclipse.mylyn.java.tasks",1408984665007
stopped,bundle,org.eclipse.mylyn.java.ui,3.6.0.v20110608-1400,"org.eclipse.mylyn.java.ui",1408984665007
stopped,bundle,org.eclipse.jdt.junit,3.7.0.v20110928-1453,"org.eclipse.jdt.junit",1408984665009
stopped,bundle,org.eclipse.jdt.apt.ui,3.3.300.v20110305-1450,"org.eclipse.jdt.apt.ui",1408984665012
stopped,bundle,org.eclipse.rap.ui.launch.rwt,1.4.2.20120213-1325,"org.eclipse.rap.ui.launch.rwt",1408984665014
stopped,bundle,org.eclipse.xpand.ui,1.0.1.v201108020519,"org.eclipse.xpand.ui",1408984665015
stopped,bundle,org.eclipse.xtend.check.ui,1.0.1.v201108020519,"org.eclipse.xtend.check.ui",1408984665016
stopped,bundle,org.eclipse.xtend.typesystem.emf.ui,1.0.1.v201108020519,"org.eclipse.xtend.typesystem.emf.ui",1408984665017
stopped,bundle,org.eclipse.xtend.ui,1.0.1.v201108020519,"org.eclipse.xtend.ui",1408984665018
stopped,bundle,org.eclipse.xtend.shared.ui,1.0.1.v201108020519,"org.eclipse.xtend.shared.ui",1408984665019
stopped,bundle,org.eclipse.emf.mwe.ui,1.1.1.v201108020506,"org.eclipse.emf.mwe.ui",1408984665019
stopped,bundle,org.eclipse.xtext.purexbase.ui,2.0.1.v201108020636,"org.eclipse.xtext.purexbase.ui",1408984665021
stopped,bundle,org.eclipse.xtext.purexbase,2.0.1.v201108020636,"org.eclipse.xtext.purexbase",1408984665027
stopped,bundle,org.eclipse.xtext.ui.codetemplates.ui,2.0.1.v201108020636,"org.eclipse.xtext.ui.codetemplates.ui",1408984665028
stopped,bundle,org.eclipse.xtext.ui.codetemplates,2.0.1.v201108020636,"org.eclipse.xtext.ui.codetemplates",1408984665029
stopped,bundle,org.eclipse.xtext.xtend2.ui,2.0.1.v201108020636,"org.eclipse.xtext.xtend2.ui",1408984665029
stopped,bundle,org.eclipse.xtext.xbase.ui,2.0.1.v201108020636,"org.eclipse.xtext.xbase.ui",1408984665030
stopped,bundle,org.eclipse.xtext.xtend2,2.0.1.v201108020636,"org.eclipse.xtext.xtend2",1408984665030
stopped,bundle,org.eclipse.xtext.xbase,2.0.1.v201108020636,"org.eclipse.xtext.xbase",1408984665031
stopped,bundle,org.eclipse.jdt.debug.ui,3.6.1.v20111006_r372,"org.eclipse.jdt.debug.ui",1408984665032
stopped,bundle,org.eclipse.emf.mwe2.language.ui,2.0.1.v201108020809,"org.eclipse.emf.mwe2.language.ui",1408984665033
stopped,bundle,org.eclipse.jst.common.annotations.ui,1.1.300.v201002081900,"org.eclipse.jst.common.annotations.ui",1408984665033
stopped,bundle,org.eclipse.jst.j2ee.ejb.annotations.ui,1.1.200.v201004290730,"org.eclipse.jst.j2ee.ejb.annotations.ui",1408984665033
stopped,bundle,org.eclipse.jst.ejb.ui,1.1.601.v201201261600,"org.eclipse.jst.ejb.ui",1408984665034
stopped,bundle,org.eclipse.jst.ws.axis.creation.ui,1.0.700.v201104070312,"org.eclipse.jst.ws.axis.creation.ui",1408984665034
stopped,bundle,org.eclipse.jst.ws.axis.consumption.ui,1.0.505.v201004211805,"org.eclipse.jst.ws.axis.consumption.ui",1408984665035
stopped,bundle,org.eclipse.jst.ws.creation.ui,1.0.609.v201103082016,"org.eclipse.jst.ws.creation.ui",1408984665035
stopped,bundle,org.eclipse.jst.ws.consumption.ui,1.1.402.v201201250306,"org.eclipse.jst.ws.consumption.ui",1408984665036
stopped,bundle,org.eclipse.jst.j2ee.webservice.ui,1.1.500.v201105122000,"org.eclipse.jst.j2ee.webservice.ui",1408984665036
